{
  "parameters": {
    "AzureRegion": "westus",
    "Ocp-Apim-Subscription-Key": "00000000000000000000000000000000",
    "appId": "86226c53-b7a6-416f-876b-226b2b5ab07b",
    "versionId": "0.1",
    "skip": "0",
    "take": "100"
  },
  "responses": {
    "200": {
      "headers": {},
      "body": [
        {
          "id": "227a71ed-7d4b-4dce-8f3a-16c4e5cc06e8",
          "name": "BookFlight",
          "typeId": 0,
          "readableType": "Intent Classifier"
        },
        {
          "id": "8285a9ee-6bc0-4409-87f4-82d539f70529",
          "name": "None",
          "typeId": 0,
          "readableType": "Intent Classifier"
        },
        {
          "id": "9500536f-ffec-4fab-93ad-6268abb0f73c",
          "name": "$Camera.CapturePhoto",
          "typeId": 0,
          "readableType": "Intent Classifier",
          "customPrebuiltDomainName": "Camera",
          "customPrebuiltModelName": "CapturePhoto"
        }
      ]
    }
  }
}