{
	"parameters": {
		"AzureRegion": "westus",
		"Ocp-Apim-Subscription-Key": "00000000000000000000000000000000",
		"appId": "86226c53-b7a6-416f-876b-226b2b5ab07b",
		"versionId": "0.1",
		"entityId": "3d73462d-98f0-4dcd-8d30-fab9e65f2e73",
		"roleId": "6dbed7e2-7df6-4cd6-a225-97e6fbe4493d",
		"entityRoleUpdateObject": {
			"name": "New Name"
		}
	},
	"responses": {
		"200": {
			"headers": {},
			"body": {
				"code": "Success",
				"message": "Operation Successful"
			}
		}
	}
}