{
  "parameters": {
    "AzureRegion": "westus",
    "Ocp-Apim-Subscription-Key": "{API key}",
    "appId": "{appId}",
    "versionId": "{versionId}",
    "skip": 0,
    "take": 100
  },
  "responses": {
    "200": {
      "headers": {},
      "body": [
        {
          "id": "bc1bae43-7904-48ad-a165-88b1910174f9",
          "name": "Reservation",
          "typeId": 4,
          "readableType": "Composite Entity Extractor",
          "children": [
            {
              "id": "63ebd752-4e81-4ce7-a698-b59b82bf5519",
              "name": "Location::To"
            },
            {
              "id": "a18eaa87-ecd9-4a67-a951-e70cf5b87c7e",
              "name": "datetime"
            }
          ],
          "roles": [
            {
              "id": "3d73462d-98f0-4dcd-8d30-fab9e65f2e73",
              "name": "role 1"
            },
            {
              "id": "3d73462d-98f0-4dcd-8d30-fab9e65f2e73",
              "name": "role 2"
            }
          ]
        }
      ]
    }
  }
}