{
  "parameters": {
    "AzureRegion": "westus",
    "Ocp-Apim-Subscription-Key": "00000000000000000000000000000000",
    "appId": "86226c53-b7a6-416f-876b-226b2b5ab07b",
    "versionId": "0.1",
    "intentId": "d7a08f1a-d276-4364-b2d5-b0235c61e37f"
  },
  "responses": {
    "200": {
      "headers": {},
      "body": {
        "id": "8285a9ee-6bc0-4409-87f4-82d539f70529",
        "name": "TestIntent",
        "typeId": 0,
        "readableType": "Intent Classifier"
      }
    }
  }
}