{
    "parameters": {
      "AzureRegion": "westus",
      "Ocp-Apim-Subscription-Key": "00000000000000000000000000000000}",
      "appId": "86226c53-b7a6-416f-876b-226b2b5ab07b",
      "versionId": "0.1",
      "modelId": "e4770e43-233a-48ad-a1fa-54f4f97eff9f"
    },
    "responses": {
      "200": {
        "headers": {},
        "body": [
            {
                "id": 10002,
                "text": "Lorem ipsum dolor sit amet"
            },
            {
                "id": 10003,
                "text": "consectetur adipiscing elit"
            },
            {
                "id": 10004,
                "text": "sed do eiusmod tempor incididunt"
            }
        ]
      }
    }
  } 
