{
  "parameters": {
    "AzureRegion": "westus",
    "Ocp-Apim-Subscription-Key": "00000000000000000000000000000000",
    "appId": "bd72e8d7-62b8-48f5-9dcb-e3b0588b803a",
    "versionId": "0.2"
  },
  "responses": {
    "200": {
      "headers": {
      },
      "body": {
        "luis_schema_version": "3.0.0",
        "versionId": "0.1",
        "name": "LuisBot",
        "desc": "",
        "culture": "en-us",
        "intents": [
          {
            "name": "HomeAutomation.TurnOff",
            "inherits": {
              "domain_name": "HomeAutomation",
              "model_name": "TurnOff"
            }
          },
          {
            "name": "dateintent"
          },
          {
            "name": "Help"
          },
          {
            "name": "None"
          },
          {
            "name": "SearchHotels"
          },
          {
            "name": "ShowHotelsReviews"
          }
        ],
        "entities": [
          {
            "name": "AirportCode",
            "roles": [
              "destination"
            ]
          },
          {
            "name": "Hotel",
            "roles": []
          }
        ],
        "composites": [],
        "closedLists": [],
        "patternAnyEntities": [
          {
            "name": "patternAny1",
            "explicitList": [],
            "roles": [
              "role1",
              "role2"
            ]
          }
        ],
        "regex_entities": [
          {
            "name": "regex1",
            "regexPattern": "[^a]+",
            "roles": [
              "regex role"
            ]
          }
        ],
        "prebuiltEntities": [
          {
            "name": "datetimeV2",
            "roles": [
              "datetime role"
            ]
          }
        ],
        "model_features": [
          {
            "name": "Near",
            "mode": true,
            "words": "near,around,close,nearby",
            "activated": true
          },
          {
            "name": "Show",
            "mode": true,
            "words": "show,find,look,search",
            "activated": true
          }
        ],
        "regex_features": [
          {
            "name": "AirportCodeRegex",
            "pattern": "[a-z]{3}",
            "activated": true
          }
        ],
        "patterns": [
          {
            "pattern": "this is [a test] {patternAny1:role1}",
            "intent": "Help"
          }
        ],
        "utterances": [
          {
            "text": "i need help",
            "intent": "Help",
            "entities": []
          },
          {
            "text": "help me",
            "intent": "Help",
            "entities": []
          },
          {
            "text": "tomorrow",
            "intent": "dateintent",
            "entities": []
          },
          {
            "text": "search for hotels in seattle",
            "intent": "SearchHotels",
            "entities": []
          },
          {
            "text": "what can i do?",
            "intent": "Help",
            "entities": []
          },
          {
            "text": "next monday",
            "intent": "dateintent",
            "entities": []
          },
          {
            "text": "next year",
            "intent": "dateintent",
            "entities": []
          },
          {
            "text": "look for hotels in miami",
            "intent": "SearchHotels",
            "entities": []
          },
          {
            "text": "show me hotels in california",
            "intent": "SearchHotels",
            "entities": []
          },
          {
            "text": "show me the reviews of the amazing bot resort",
            "intent": "ShowHotelsReviews",
            "entities": [
              {
                "entity": "Hotel",
                "startPos": 23,
                "endPos": 44
              }
            ]
          },
          {
            "text": "can i see the reviews of extended bot hotel?",
            "intent": "ShowHotelsReviews",
            "entities": [
              {
                "entity": "Hotel",
                "startPos": 25,
                "endPos": 42
              }
            ]
          },
          {
            "text": "find reviews of hotelxya",
            "intent": "ShowHotelsReviews",
            "entities": [
              {
                "entity": "Hotel",
                "startPos": 16,
                "endPos": 23
              }
            ]
          },
          {
            "text": "show me reviews of the amazing hotel",
            "intent": "ShowHotelsReviews",
            "entities": [
              {
                "entity": "Hotel",
                "startPos": 19,
                "endPos": 35
              }
            ]
          },
          {
            "text": "what are the available options?",
            "intent": "Help",
            "entities": []
          },
          {
            "text": "best hotels in seattle",
            "intent": "SearchHotels",
            "entities": []
          },
          {
            "text": "hotels in los angeles",
            "intent": "SearchHotels",
            "entities": []
          },
          {
            "text": "can you show me hotels from los angeles?",
            "intent": "SearchHotels",
            "entities": []
          },
          {
            "text": "can you show me the reviews of the amazing resort & hotel",
            "intent": "ShowHotelsReviews",
            "entities": [
              {
                "entity": "Hotel",
                "startPos": 31,
                "endPos": 56
              }
            ]
          },
          {
            "text": "what are the reviews of the hotel bot framework?",
            "intent": "ShowHotelsReviews",
            "entities": [
              {
                "entity": "Hotel",
                "startPos": 24,
                "endPos": 46
              }
            ]
          },
          {
            "text": "find hotels near eze",
            "intent": "SearchHotels",
            "entities": [
              {
                "entity": "AirportCode",
                "startPos": 17,
                "endPos": 19
              }
            ]
          },
          {
            "text": "where can i stay near nnn?",
            "intent": "SearchHotels",
            "entities": [
              {
                "entity": "AirportCode",
                "startPos": 22,
                "endPos": 24
              }
            ]
          },
          {
            "text": "show hotels near att airport",
            "intent": "SearchHotels",
            "entities": [
              {
                "entity": "AirportCode",
                "startPos": 17,
                "endPos": 19
              }
            ]
          },
          {
            "text": "find hotels near agl",
            "intent": "SearchHotels",
            "entities": [
              {
                "entity": "AirportCode",
                "startPos": 17,
                "endPos": 19
              }
            ]
          },
          {
            "text": "find hotels around eze airport",
            "intent": "SearchHotels",
            "entities": [
              {
                "entity": "AirportCode",
                "startPos": 19,
                "endPos": 21
              }
            ]
          },
          {
            "text": "01/7",
            "intent": "dateintent",
            "entities": []
          }
        ]
      }
    }
  }
}