{
  "parameters": {
    "AzureRegion": "westus",
    "Ocp-Apim-Subscription-Key": "00000000000000000000000000000000",
    "appId": "86226c53-b7a6-416f-876b-226b2b5ab07b",
    "versionId": "0.1",
    "phraselistId": 178384
  },
  "responses": {
    "200": {
      "headers": {},
      "body": {
        "id": 178384,
        "name": "DaysOfWeek",
        "phrases": "monday,tuesday,wednesday,thursday,friday,saturday,sunday",
        "isExchangeable": true,
        "isActive": true
      }
    }
  }
}