{
  "parameters": {
    "AzureRegion": "westus",
    "Ocp-Apim-Subscription-Key": "00000000000000000000000000000000"
  },
  "responses": {
    "200": {
      "headers": {},
      "body": [
        {
          "name": "English",
          "code": "en-us"
        },
        {
          "name": "Chinese",
          "code": "zh-cn"
        },
        {
          "name": "French",
          "code": "fr-fr"
        },
        {
          "name": "French Canadian",
          "code": "fr-ca"
        },
        {
          "name": "Spanish",
          "code": "es-es"
        },
        {
          "name": "Spanish Mexican",
          "code": "es-mx"
        },
        {
          "name": "Italian",
          "code": "it-it"
        },
        {
          "name": "German",
          "code": "de-de"
        },
        {
          "name": "Japanese",
          "code": "ja-jp"
        },
        {
          "name": "Brazilian Portuguese",
          "code": "pt-br"
        },
        {
          "name": "Korean",
          "code": "ko-kr"
        },
        {
          "name": "Dutch",
          "code": "nl-nl"
        }
      ]
    }
  }
}