{
  "parameters": {
    "AzureRegion": "westus",
    "Ocp-Apim-Subscription-Key": "00000000000000000000000000000000",
    "appId": "363187f1-c573-46b3-bc4c-ae01d686e68e"
  },
  "responses": {
    "200": {
      "headers": {},
      "body": {
        "id": "363187f1-c573-46b3-bc4c-ae01d686e68e",
        "name": "MyFirstDummyAp",
        "description": "This is my first dummy application",
        "culture": "en-us",
        "usageScenario": "IoT",
        "domain": "Comics",
        "versionsCount": 3,
        "createdDateTime": "2017-01-31T16:15:54Z",
        "endpoints": {
          "PRODUCTION": {
            "versionId": "0.1",
            "isStaging": false,
            "endpointUrl": "DummyUrl",
            "endpointRegion":"westus",
            "assignedEndpointKey": "",
            "publishedDateTime": "2017-02-19T17:09:14Z"
          }
        },
        "endpointHitsCount": 0
      }
    }
  }
}